{
    "bossmus.stormbeast": {
        "sounds":[
            {
                "name": "winterforge:foreverwound_mainspring",
                "volume": 0.01,
                "stream": true,
                "pitch": 1.0,
                "preload": true,
                "attenuation_distance": 20
            }
        ]
    },
    "bossmus.prepare": {
        "sounds":[
            {
                "name": "winterforge:as_swift_as_wind",
                "volume": 0.01,
                "stream": true,
                "pitch": 1.0,
                "preload": true,
                "attenuation_distance": 20
            }
        ]
    }
}


